<?xml version="1.0" encoding="UTF-8"?>
<con:testSuite id="0e128d96-6b06-4934-bd68-d2ddb46134bf" name="CountryInfoServiceSoapBinding12 TestSuite" xmlns:con="http://eviware.com/soapui/config"><con:settings/><con:runType>SEQUENTIAL</con:runType><con:testCase id="5988d095-68bf-42cc-9afc-cac3d0c65345" failOnError="true" failTestCaseOnErrors="true" keepSession="false" maxResults="0" name="CapitalCity TestCase" searchProperties="true"><con:settings/><con:testStep type="request" name="Positive" id="59a64695-65ef-4f49-964f-98c49ae49cd6"><con:settings/><con:config xsi:type="con:RequestStep" xmlns:xsi="http://www.w3.org/2001/XMLSchema-instance"><con:interface>CountryInfoServiceSoapBinding12</con:interface><con:operation>CapitalCity</con:operation><con:request name="Positive" id="a2bb3c7e-21ce-40a7-aef5-08c95f6e4cd7"><con:settings><con:setting id="com.eviware.soapui.impl.wsdl.WsdlRequest@request-headers">&lt;xml-fragment/></con:setting></con:settings><con:encoding>UTF-8</con:encoding><con:endpoint>http://webservices.oorsprong.org/websamples.countryinfo/CountryInfoService.wso</con:endpoint><con:request><![CDATA[<soap:Envelope xmlns:soap="${main_info}" xmlns:web="${country_info}">\r
   <soap:Header/>\r
   <soap:Body>\r
      <web:CapitalCity>\r
         <web:sCountryISOCode>GR</web:sCountryISOCode>\r
      </web:CapitalCity>\r
   </soap:Body>\r
</soap:Envelope>]]></con:request><con:assertion type="SOAP Response" id="bbc2c06b-3e61-41d2-8706-7e9ec5dcd7c9"/><con:assertion type="Simple Contains" id="1a77c941-b83a-41e8-a97d-d0d20875c9a4" name="Contains"><con:configuration><token>Athens</token><ignoreCase>false</ignoreCase><useRegEx>false</useRegEx></con:configuration></con:assertion><con:assertion type="Response SLA Assertion" id="b51db42f-c304-4090-bc6c-f830b319ca3b" name="Response SLA"><con:configuration><SLA>200</SLA></con:configuration></con:assertion><con:credentials><con:authType>No Authorization</con:authType></con:credentials><con:jmsConfig JMSDeliveryMode="PERSISTENT"/><con:jmsPropertyConfig/><con:wsaConfig mustUnderstand="NONE" version="200508"/><con:wsrmConfig version="1.2"/></con:request></con:config></con:testStep><con:testStep type="request" name="Negative" id="1d4ef67d-9c77-4711-88e3-901ebf75ee16"><con:settings/><con:config xsi:type="con:RequestStep" xmlns:xsi="http://www.w3.org/2001/XMLSchema-instance"><con:interface>CountryInfoServiceSoapBinding12</con:interface><con:operation>CapitalCity</con:operation><con:request name="Negative" id="a8bbd14c-2b0d-4b25-9875-5740ea0d9134"><con:settings><con:setting id="com.eviware.soapui.impl.wsdl.WsdlRequest@request-headers">&lt;xml-fragment/></con:setting></con:settings><con:encoding>UTF-8</con:encoding><con:endpoint>http://webservices.oorsprong.org/websamples.countryinfo/CountryInfoService.wso</con:endpoint><con:request><![CDATA[<soap:Envelope xmlns:soap="${main_info}" xmlns:web="http://www.oorsprong.org/websamples.countryinfo">\r
   <soap:Header/>\r
   <soap:Body>\r
      <web:CapitalCity>\r
      </web:CapitalCity>\r
   </soap:Body>\r
</soap:Envelope>]]></con:request><con:assertion type="SOAP Response" id="d435757e-ca54-49c8-ba2b-d4ac9cebffa8"/><con:assertion type="Simple Contains" id="3a82cf39-9333-41ea-a188-eed64972197b" name="Contains"><con:configuration><token>Internal server error</token><ignoreCase>false</ignoreCase><useRegEx>false</useRegEx></con:configuration></con:assertion><con:assertion type="Invalid HTTP Status Codes" id="533214ec-b5b9-4137-9ca0-9b2a8f6d18e0" name="Invalid HTTP Status Codes"><con:configuration><codes>201</codes></con:configuration></con:assertion><con:credentials><con:authType>No Authorization</con:authType></con:credentials><con:jmsConfig JMSDeliveryMode="PERSISTENT"/><con:jmsPropertyConfig/><con:wsaConfig mustUnderstand="NONE" version="200508"/><con:wsrmConfig version="1.2"/></con:request></con:config></con:testStep><con:properties/></con:testCase><con:testCase id="9c800022-63eb-4247-8c50-4fde8195e8f2" failOnError="true" failTestCaseOnErrors="true" keepSession="false" maxResults="0" name="CountriesUsingCurrency TestCase" searchProperties="true"><con:settings/><con:testStep type="request" id="764bb6db-61c0-4bc9-80b9-a17edaa97956" name="Positive"><con:settings/><con:config xsi:type="con:RequestStep" xmlns:xsi="http://www.w3.org/2001/XMLSchema-instance"><con:interface>CountryInfoServiceSoapBinding12</con:interface><con:operation>CountriesUsingCurrency</con:operation><con:request name="Positive" id="e1efad8c-5566-4e11-96c2-777000666d7d"><con:settings><con:setting id="com.eviware.soapui.impl.wsdl.WsdlRequest@request-headers">&lt;xml-fragment/></con:setting></con:settings><con:encoding>UTF-8</con:encoding><con:endpoint>http://webservices.oorsprong.org/websamples.countryinfo/CountryInfoService.wso</con:endpoint><con:request><![CDATA[<soap:Envelope xmlns:soap="${main_info}" xmlns:web="${country_info}">\r
   <soap:Header/>\r
   <soap:Body>\r
      <web:CountriesUsingCurrency>\r
         <web:sISOCurrencyCode>AQ</web:sISOCurrencyCode>\r
      </web:CountriesUsingCurrency>\r
   </soap:Body>\r
</soap:Envelope>]]></con:request><con:assertion type="Valid HTTP Status Codes" id="73c4e063-770f-4d46-9971-8871b567b086" name="Valid HTTP Status Codes"><con:configuration><codes>201,200
</codes></con:configuration></con:assertion><con:assertion type="Response SLA Assertion" id="3a63a6cc-9373-457b-a02c-cfc460e05202" name="Response SLA"><con:configuration><SLA>200</SLA></con:configuration></con:assertion><con:credentials><con:authType>No Authorization</con:authType></con:credentials><con:jmsConfig JMSDeliveryMode="PERSISTENT"/><con:jmsPropertyConfig/><con:wsaConfig action="http://www.oorsprong.org/websamples.countryinfo/CountryInfoServiceSoapType/CountriesUsingCurrencyRequest" mustUnderstand="NONE" version="200508"/><con:wsrmConfig version="1.2"/></con:request></con:config></con:testStep><con:testStep type="request" name="Negative" id="3e9ceb1e-42b0-4f06-9078-014d1e5dcee5"><con:settings/><con:config xsi:type="con:RequestStep" xmlns:xsi="http://www.w3.org/2001/XMLSchema-instance"><con:interface>CountryInfoServiceSoapBinding12</con:interface><con:operation>CountriesUsingCurrency</con:operation><con:request name="Negative" id="ab039cc0-f382-4863-8d11-7841c3236e67"><con:settings><con:setting id="com.eviware.soapui.impl.wsdl.WsdlRequest@request-headers">&lt;xml-fragment/></con:setting></con:settings><con:encoding>UTF-8</con:encoding><con:endpoint>http://webservices.oorsprong.org/websamples.countryinfo/CountryInfoService.wso</con:endpoint><con:request><![CDATA[<soap:Envelope xmlns:soap="${main_info}" xmlns:web="http://www.oorsprong.org/websamples.countryinfo">\r
   <soap:Header/>\r
   <soap:Body>\r
      <web:CountriesUsingCurrency>\r
      </web:CountriesUsingCurrency>\r
   </soap:Body>\r
</soap:Envelope>]]></con:request><con:assertion type="Simple Contains" id="1cb84476-45da-4e2e-b814-9ed95fc0de29" name="Contains"><con:configuration><token>Internal Server Error
</token><ignoreCase>false</ignoreCase><useRegEx>false</useRegEx></con:configuration></con:assertion><con:assertion type="Invalid HTTP Status Codes" id="a49a9fac-04f8-4359-b5a9-08f74410b578" name="Invalid HTTP Status Codes"><con:configuration><codes>201</codes></con:configuration></con:assertion><con:assertion type="Response SLA Assertion" id="aa170482-02f5-4efd-881f-9d08ccebcdff" name="Response SLA"><con:configuration><SLA>200</SLA></con:configuration></con:assertion><con:credentials><con:authType>No Authorization</con:authType></con:credentials><con:jmsConfig JMSDeliveryMode="PERSISTENT"/><con:jmsPropertyConfig/><con:wsaConfig mustUnderstand="NONE" version="200508"/><con:wsrmConfig version="1.2"/></con:request></con:config></con:testStep><con:properties/></con:testCase><con:testCase id="82fcdcba-813e-476a-a03f-a2714a93fd8f" failOnError="true" failTestCaseOnErrors="true" keepSession="false" maxResults="0" name="CountryCurrency TestCase" searchProperties="true"><con:settings/><con:testStep type="request" id="9de81301-9238-412c-9aa2-8c6fbe561683" name="Positive"><con:settings/><con:config xsi:type="con:RequestStep" xmlns:xsi="http://www.w3.org/2001/XMLSchema-instance"><con:interface>CountryInfoServiceSoapBinding12</con:interface><con:operation>CountryCurrency</con:operation><con:request name="Positive" id="fd4e8da0-75e6-4a3a-876a-08087d66fe92"><con:settings><con:setting id="com.eviware.soapui.impl.wsdl.WsdlRequest@request-headers">&lt;xml-fragment/></con:setting></con:settings><con:encoding>UTF-8</con:encoding><con:endpoint>http://webservices.oorsprong.org/websamples.countryinfo/CountryInfoService.wso</con:endpoint><con:request><![CDATA[<soap:Envelope xmlns:soap="${main_info}" xmlns:web="${country_info}">\r
   <soap:Header/>\r
   <soap:Body>\r
      <web:CountryCurrency>\r
         <web:sCountryISOCode>Country not found in the database</web:sCountryISOCode>\r
      </web:CountryCurrency>\r
   </soap:Body>\r
</soap:Envelope>]]></con:request><con:assertion type="Simple Contains" id="3b5ad5fd-aa4d-45cc-b563-512ef6345da8" name="Contains"><con:configuration><token>Country not found in the database</token><ignoreCase>false</ignoreCase><useRegEx>false</useRegEx></con:configuration></con:assertion><con:assertion type="Response SLA Assertion" id="ec7e2640-a815-4dc0-a649-19387b476cf7" name="Response SLA"><con:configuration><SLA>200</SLA></con:configuration></con:assertion><con:assertion type="Valid HTTP Status Codes" id="372fa2f1-9a04-432b-8af4-e0a04571f842" name="Valid HTTP Status Codes"><con:configuration><codes>200</codes></con:configuration></con:assertion><con:credentials><con:authType>No Authorization</con:authType></con:credentials><con:jmsConfig JMSDeliveryMode="PERSISTENT"/><con:jmsPropertyConfig/><con:wsaConfig action="http://www.oorsprong.org/websamples.countryinfo/CountryInfoServiceSoapType/CountryCurrencyRequest" mustUnderstand="NONE" version="200508"/><con:wsrmConfig version="1.2"/></con:request></con:config></con:testStep><con:testStep type="request" name="Negative" id="5956c176-55df-4d6a-9cac-4eb7e544d2dd"><con:settings/><con:config xsi:type="con:RequestStep" xmlns:xsi="http://www.w3.org/2001/XMLSchema-instance"><con:interface>CountryInfoServiceSoapBinding12</con:interface><con:operation>CountryCurrency</con:operation><con:request name="Negative" id="abcf7ad4-d725-491c-a542-6be354e0834b"><con:settings><con:setting id="com.eviware.soapui.impl.wsdl.WsdlRequest@request-headers">&lt;xml-fragment/></con:setting></con:settings><con:encoding>UTF-8</con:encoding><con:endpoint>http://webservices.oorsprong.org/websamples.countryinfo/CountryInfoService.wso</con:endpoint><con:request><![CDATA[<soap:Envelope xmlns:soap="${main_info}" xmlns:web="${country_info}">\r
   <soap:Header/>\r
   <soap:Body>\r
      <web:CountryCurrency>\r
         <web:sCountryISOCode>test</web:sCountryISOCode>\r
      </web:CountryCurrency>\r
   </soap:Body>\r
</soap:Envelope>]]></con:request><con:assertion type="SOAP Response" id="13251c6b-5cfc-4890-8ba8-3bcf43bb43e9"/><con:assertion type="Simple Contains" id="28088a9a-e1b2-4d01-890b-18cc1429ae09" name="Contains"><con:configuration><token>Country not found in the database</token><ignoreCase>false</ignoreCase><useRegEx>false</useRegEx></con:configuration></con:assertion><con:assertion type="Response SLA Assertion" id="6fa8a4aa-2a97-41d4-92ea-2bfc77f1356a" name="Response SLA"><con:configuration><SLA>200</SLA></con:configuration></con:assertion><con:credentials><con:authType>No Authorization</con:authType></con:credentials><con:jmsConfig JMSDeliveryMode="PERSISTENT"/><con:jmsPropertyConfig/><con:wsaConfig mustUnderstand="NONE" version="200508"/><con:wsrmConfig version="1.2"/></con:request></con:config></con:testStep><con:properties/></con:testCase><con:testCase id="1de316fa-b32e-48d3-8663-d0c57fb531ee" failOnError="true" failTestCaseOnErrors="true" keepSession="false" maxResults="0" name="CountryFlag TestCase" searchProperties="true"><con:settings/><con:testStep type="request" id="23b287fb-9da2-47df-a47b-4bd6095e13d0" name="CountryFlag"><con:settings/><con:config xsi:type="con:RequestStep" xmlns:xsi="http://www.w3.org/2001/XMLSchema-instance"><con:interface>CountryInfoServiceSoapBinding12</con:interface><con:operation>CountryFlag</con:operation><con:request name="CountryFlag" id="6837d675-3cd4-4d5e-89c8-9150c052acab"><con:settings/><con:encoding>UTF-8</con:encoding><con:endpoint>http://webservices.oorsprong.org/websamples.countryinfo/CountryInfoService.wso</con:endpoint><con:request><![CDATA[<soap:Envelope xmlns:soap="http://www.w3.org/2003/05/soap-envelope" xmlns:web="http://www.oorsprong.org/websamples.countryinfo">\r
   <soap:Header/>\r
   <soap:Body>\r
      <web:CountryFlag>\r
         <web:sCountryISOCode>?</web:sCountryISOCode>\r
      </web:CountryFlag>\r
   </soap:Body>\r
</soap:Envelope>]]></con:request><con:credentials><con:authType>No Authorization</con:authType></con:credentials><con:wsaConfig action="http://www.oorsprong.org/websamples.countryinfo/CountryInfoServiceSoapType/CountryFlagRequest"/></con:request></con:config></con:testStep><con:properties/></con:testCase><con:testCase id="14e22ba3-e65f-468b-9fe1-443d61d6f852" failOnError="true" failTestCaseOnErrors="true" keepSession="false" maxResults="0" name="CountryIntPhoneCode TestCase" searchProperties="true"><con:settings/><con:testStep type="request" id="85dbc749-49ba-4cdb-98e0-10041c228a95" name="CountryIntPhoneCode"><con:settings/><con:config xsi:type="con:RequestStep" xmlns:xsi="http://www.w3.org/2001/XMLSchema-instance"><con:interface>CountryInfoServiceSoapBinding12</con:interface><con:operation>CountryIntPhoneCode</con:operation><con:request name="CountryIntPhoneCode" id="14d629e1-b324-45c4-a54e-46eb0384d4ae"><con:settings/><con:encoding>UTF-8</con:encoding><con:endpoint>http://webservices.oorsprong.org/websamples.countryinfo/CountryInfoService.wso</con:endpoint><con:request><![CDATA[<soap:Envelope xmlns:soap="http://www.w3.org/2003/05/soap-envelope" xmlns:web="http://www.oorsprong.org/websamples.countryinfo">\r
   <soap:Header/>\r
   <soap:Body>\r
      <web:CountryIntPhoneCode>\r
         <web:sCountryISOCode>?</web:sCountryISOCode>\r
      </web:CountryIntPhoneCode>\r
   </soap:Body>\r
</soap:Envelope>]]></con:request><con:credentials><con:authType>No Authorization</con:authType></con:credentials><con:wsaConfig action="http://www.oorsprong.org/websamples.countryinfo/CountryInfoServiceSoapType/CountryIntPhoneCodeRequest"/></con:request></con:config></con:testStep><con:properties/></con:testCase><con:testCase id="025c73ce-4473-4a3a-aca1-f4034e479860" failOnError="true" failTestCaseOnErrors="true" keepSession="false" maxResults="0" name="CountryISOCode TestCase" searchProperties="true"><con:settings/><con:testStep type="request" id="2deddc0e-a5cf-4572-8cec-2ef835857df3" name="Positive"><con:settings/><con:config xsi:type="con:RequestStep" xmlns:xsi="http://www.w3.org/2001/XMLSchema-instance"><con:interface>CountryInfoServiceSoapBinding12</con:interface><con:operation>CountryISOCode</con:operation><con:request name="Positive" id="3210da32-801b-455d-82c7-37ab83bb2d95"><con:settings><con:setting id="com.eviware.soapui.impl.wsdl.WsdlRequest@request-headers">&lt;xml-fragment/></con:setting></con:settings><con:encoding>UTF-8</con:encoding><con:endpoint>http://webservices.oorsprong.org/websamples.countryinfo/CountryInfoService.wso</con:endpoint><con:request><![CDATA[<soap:Envelope xmlns:soap="${main_info}" xmlns:web="${country_info}">\r
   <soap:Header/>\r
   <soap:Body>\r
      <web:CountryISOCode>\r
         <web:sCountryName>AX</web:sCountryName>\r
      </web:CountryISOCode>\r
   </soap:Body>\r
</soap:Envelope>]]></con:request><con:assertion type="Valid HTTP Status Codes" id="92f5a6b0-8f62-4884-ba45-5859822f72fc" name="Valid HTTP Status Codes"><con:configuration><codes>200,201</codes></con:configuration></con:assertion><con:assertion type="Simple Contains" id="c2407acf-f2c2-4cef-a0ee-befb55667f6a" name="Contains"><con:configuration><token>No country found by that name</token><ignoreCase>false</ignoreCase><useRegEx>false</useRegEx></con:configuration></con:assertion><con:assertion type="Response SLA Assertion" id="a2e7b3fc-2a1d-4aca-b9a4-39c004bce269" name="Response SLA"><con:configuration><SLA>200</SLA></con:configuration></con:assertion><con:credentials><con:authType>No Authorization</con:authType></con:credentials><con:jmsConfig JMSDeliveryMode="PERSISTENT"/><con:jmsPropertyConfig/><con:wsaConfig action="http://www.oorsprong.org/websamples.countryinfo/CountryInfoServiceSoapType/CountryISOCodeRequest" mustUnderstand="NONE" version="200508"/><con:wsrmConfig version="1.2"/></con:request></con:config></con:testStep><con:testStep type="request" name="Negative" id="6a18eeae-a319-479b-903d-d659c4739508"><con:settings/><con:config xsi:type="con:RequestStep" xmlns:xsi="http://www.w3.org/2001/XMLSchema-instance"><con:interface>CountryInfoServiceSoapBinding12</con:interface><con:operation>CountryISOCode</con:operation><con:request name="Negative" id="95348e91-8381-4d68-a461-4565ad77c197"><con:settings><con:setting id="com.eviware.soapui.impl.wsdl.WsdlRequest@request-headers">&lt;xml-fragment/></con:setting></con:settings><con:encoding>UTF-8</con:encoding><con:endpoint>http://webservices.oorsprong.org/websamples.countryinfo/CountryInfoService.wso</con:endpoint><con:request><![CDATA[<soap:Envelope xmlns:soap="${main_info}" xmlns:web="${country_info}">\r
   <soap:Header/>\r
   <soap:Body>\r
      <web:CountryISOCode>\r
      </web:CountryISOCode>\r
   </soap:Body>\r
</soap:Envelope>]]></con:request><con:assertion type="Invalid HTTP Status Codes" id="99c3163b-aac7-4ed6-9717-58eae4e5e82d" name="Invalid HTTP Status Codes"><con:configuration><codes>226</codes></con:configuration></con:assertion><con:assertion type="Response SLA Assertion" id="e4daec21-0c83-441b-9ebb-2d7931f05d6c" name="Response SLA"><con:configuration><SLA>2000</SLA></con:configuration></con:assertion><con:assertion type="Simple Contains" id="21f09196-3d2b-45c1-b946-ef07ad0abb0b" name="Contains"><con:configuration><token>500 - Internal server error.</token><ignoreCase>false</ignoreCase><useRegEx>false</useRegEx></con:configuration></con:assertion><con:credentials><con:authType>No Authorization</con:authType></con:credentials><con:jmsConfig JMSDeliveryMode="PERSISTENT"/><con:jmsPropertyConfig/><con:wsaConfig mustUnderstand="NONE" version="200508"/><con:wsrmConfig version="1.2"/></con:request></con:config></con:testStep><con:properties/></con:testCase><con:testCase id="8c0d96a2-ead1-4a8e-a92d-333418b69719" failOnError="true" failTestCaseOnErrors="true" keepSession="false" maxResults="0" name="CountryName TestCase" searchProperties="true"><con:settings/><con:testStep type="request" id="334c63fa-e867-4c39-8613-9fe11b7322c3" name="CountryName"><con:settings/><con:config xsi:type="con:RequestStep" xmlns:xsi="http://www.w3.org/2001/XMLSchema-instance"><con:interface>CountryInfoServiceSoapBinding12</con:interface><con:operation>CountryName</con:operation><con:request name="CountryName" id="548946b3-f292-4db1-ab70-a8cd7f652b91"><con:settings/><con:encoding>UTF-8</con:encoding><con:endpoint>http://webservices.oorsprong.org/websamples.countryinfo/CountryInfoService.wso</con:endpoint><con:request><![CDATA[<soap:Envelope xmlns:soap="http://www.w3.org/2003/05/soap-envelope" xmlns:web="http://www.oorsprong.org/websamples.countryinfo">\r
   <soap:Header/>\r
   <soap:Body>\r
      <web:CountryName>\r
         <web:sCountryISOCode>?</web:sCountryISOCode>\r
      </web:CountryName>\r
   </soap:Body>\r
</soap:Envelope>]]></con:request><con:credentials><con:authType>No Authorization</con:authType></con:credentials><con:wsaConfig action="http://www.oorsprong.org/websamples.countryinfo/CountryInfoServiceSoapType/CountryNameRequest"/></con:request></con:config></con:testStep><con:properties/></con:testCase><con:testCase id="74742c71-4aef-4afe-8c1d-491c52edc461" failOnError="true" failTestCaseOnErrors="true" keepSession="false" maxResults="0" name="CurrencyName TestCase" searchProperties="true"><con:settings/><con:testStep type="request" id="2352b83a-1fdc-4ad0-8a32-50c62ac1203b" name="CurrencyName"><con:settings/><con:config xsi:type="con:RequestStep" xmlns:xsi="http://www.w3.org/2001/XMLSchema-instance"><con:interface>CountryInfoServiceSoapBinding12</con:interface><con:operation>CurrencyName</con:operation><con:request name="CurrencyName" id="faada4e1-60ac-4a89-9bf9-48f31e688638"><con:settings/><con:encoding>UTF-8</con:encoding><con:endpoint>http://webservices.oorsprong.org/websamples.countryinfo/CountryInfoService.wso</con:endpoint><con:request><![CDATA[<soap:Envelope xmlns:soap="http://www.w3.org/2003/05/soap-envelope" xmlns:web="http://www.oorsprong.org/websamples.countryinfo">\r
   <soap:Header/>\r
   <soap:Body>\r
      <web:CurrencyName>\r
         <web:sCurrencyISOCode>?</web:sCurrencyISOCode>\r
      </web:CurrencyName>\r
   </soap:Body>\r
</soap:Envelope>]]></con:request><con:credentials><con:authType>No Authorization</con:authType></con:credentials><con:wsaConfig action="http://www.oorsprong.org/websamples.countryinfo/CountryInfoServiceSoapType/CurrencyNameRequest"/></con:request></con:config></con:testStep><con:properties/></con:testCase><con:testCase id="099e6b84-7c38-4ed2-a5f0-a23d3a9ff2cb" failOnError="true" failTestCaseOnErrors="true" keepSession="false" maxResults="0" name="FullCountryInfo TestCase" searchProperties="true"><con:settings/><con:testStep type="request" id="70e8bf03-60ba-4942-b1ed-ad150ffef9fa" name="FullCountryInfo"><con:settings/><con:config xsi:type="con:RequestStep" xmlns:xsi="http://www.w3.org/2001/XMLSchema-instance"><con:interface>CountryInfoServiceSoapBinding12</con:interface><con:operation>FullCountryInfo</con:operation><con:request name="FullCountryInfo" id="80a86892-3a01-4b95-b8e6-930b4a2de2a5"><con:settings/><con:encoding>UTF-8</con:encoding><con:endpoint>http://webservices.oorsprong.org/websamples.countryinfo/CountryInfoService.wso</con:endpoint><con:request><![CDATA[<soap:Envelope xmlns:soap="http://www.w3.org/2003/05/soap-envelope" xmlns:web="http://www.oorsprong.org/websamples.countryinfo">\r
   <soap:Header/>\r
   <soap:Body>\r
      <web:FullCountryInfo>\r
         <web:sCountryISOCode>?</web:sCountryISOCode>\r
      </web:FullCountryInfo>\r
   </soap:Body>\r
</soap:Envelope>]]></con:request><con:credentials><con:authType>No Authorization</con:authType></con:credentials><con:wsaConfig action="http://www.oorsprong.org/websamples.countryinfo/CountryInfoServiceSoapType/FullCountryInfoRequest"/></con:request></con:config></con:testStep><con:properties/></con:testCase><con:testCase id="3627bcb6-df2b-4628-a4d4-61c3859a9852" failOnError="true" failTestCaseOnErrors="true" keepSession="false" maxResults="0" name="FullCountryInfoAllCountries TestCase" searchProperties="true"><con:settings/><con:testStep type="request" id="4b7987b8-5396-4b03-8d76-528d096c7ff9" name="FullCountryInfoAllCountries"><con:settings/><con:config xsi:type="con:RequestStep" xmlns:xsi="http://www.w3.org/2001/XMLSchema-instance"><con:interface>CountryInfoServiceSoapBinding12</con:interface><con:operation>FullCountryInfoAllCountries</con:operation><con:request name="FullCountryInfoAllCountries" id="5b47d45e-d1f6-43e7-952d-e88e08a4fbd5"><con:settings/><con:encoding>UTF-8</con:encoding><con:endpoint>http://webservices.oorsprong.org/websamples.countryinfo/CountryInfoService.wso</con:endpoint><con:request><![CDATA[<soap:Envelope xmlns:soap="http://www.w3.org/2003/05/soap-envelope" xmlns:web="http://www.oorsprong.org/websamples.countryinfo">\r
   <soap:Header/>\r
   <soap:Body>\r
      <web:FullCountryInfoAllCountries/>\r
   </soap:Body>\r
</soap:Envelope>]]></con:request><con:credentials><con:authType>No Authorization</con:authType></con:credentials><con:wsaConfig action="http://www.oorsprong.org/websamples.countryinfo/CountryInfoServiceSoapType/FullCountryInfoAllCountriesRequest"/></con:request></con:config></con:testStep><con:properties/></con:testCase><con:testCase id="bd24170b-94a6-4c0f-871b-243e1ecc09ac" failOnError="true" failTestCaseOnErrors="true" keepSession="false" maxResults="0" name="LanguageISOCode TestCase" searchProperties="true"><con:settings/><con:testStep type="request" id="c94169dd-2e3b-40b9-8fe8-71222fc3d427" name="LanguageISOCode"><con:settings/><con:config xsi:type="con:RequestStep" xmlns:xsi="http://www.w3.org/2001/XMLSchema-instance"><con:interface>CountryInfoServiceSoapBinding12</con:interface><con:operation>LanguageISOCode</con:operation><con:request name="LanguageISOCode" id="1f3c95b8-d337-49e6-b5a7-5aa3aec56562"><con:settings/><con:encoding>UTF-8</con:encoding><con:endpoint>http://webservices.oorsprong.org/websamples.countryinfo/CountryInfoService.wso</con:endpoint><con:request><![CDATA[<soap:Envelope xmlns:soap="http://www.w3.org/2003/05/soap-envelope" xmlns:web="http://www.oorsprong.org/websamples.countryinfo">\r
   <soap:Header/>\r
   <soap:Body>\r
      <web:LanguageISOCode>\r
         <web:sLanguageName>?</web:sLanguageName>\r
      </web:LanguageISOCode>\r
   </soap:Body>\r
</soap:Envelope>]]></con:request><con:credentials><con:authType>No Authorization</con:authType></con:credentials><con:wsaConfig action="http://www.oorsprong.org/websamples.countryinfo/CountryInfoServiceSoapType/LanguageISOCodeRequest"/></con:request></con:config></con:testStep><con:properties/></con:testCase><con:testCase id="2cd1fdda-0b4f-495a-8b51-f3a67cb6e574" failOnError="true" failTestCaseOnErrors="true" keepSession="false" maxResults="0" name="LanguageName TestCase" searchProperties="true"><con:settings/><con:testStep type="request" id="59ae8d1c-78d3-41d5-b2a9-051b671723d1" name="LanguageName"><con:settings/><con:config xsi:type="con:RequestStep" xmlns:xsi="http://www.w3.org/2001/XMLSchema-instance"><con:interface>CountryInfoServiceSoapBinding12</con:interface><con:operation>LanguageName</con:operation><con:request name="LanguageName" id="1ce0a93d-bda1-4f84-9064-13b531d4bd38"><con:settings/><con:encoding>UTF-8</con:encoding><con:endpoint>http://webservices.oorsprong.org/websamples.countryinfo/CountryInfoService.wso</con:endpoint><con:request><![CDATA[<soap:Envelope xmlns:soap="http://www.w3.org/2003/05/soap-envelope" xmlns:web="http://www.oorsprong.org/websamples.countryinfo">\r
   <soap:Header/>\r
   <soap:Body>\r
      <web:LanguageName>\r
         <web:sISOCode>?</web:sISOCode>\r
      </web:LanguageName>\r
   </soap:Body>\r
</soap:Envelope>]]></con:request><con:credentials><con:authType>No Authorization</con:authType></con:credentials><con:wsaConfig action="http://www.oorsprong.org/websamples.countryinfo/CountryInfoServiceSoapType/LanguageNameRequest"/></con:request></con:config></con:testStep><con:properties/></con:testCase><con:testCase id="84787455-5632-492a-9ac8-a447c75b9daa" failOnError="true" failTestCaseOnErrors="true" keepSession="false" maxResults="0" name="ListOfContinentsByCode TestCase" searchProperties="true"><con:settings/><con:testStep type="request" id="ab033bc6-f443-420c-a52f-b4b2ff11b03e" name="ListOfContinentsByCode"><con:settings/><con:config xsi:type="con:RequestStep" xmlns:xsi="http://www.w3.org/2001/XMLSchema-instance"><con:interface>CountryInfoServiceSoapBinding12</con:interface><con:operation>ListOfContinentsByCode</con:operation><con:request name="ListOfContinentsByCode" id="ae0809c7-7192-4a38-a5e6-e56d0d310840"><con:settings/><con:encoding>UTF-8</con:encoding><con:endpoint>http://webservices.oorsprong.org/websamples.countryinfo/CountryInfoService.wso</con:endpoint><con:request><![CDATA[<soap:Envelope xmlns:soap="http://www.w3.org/2003/05/soap-envelope" xmlns:web="http://www.oorsprong.org/websamples.countryinfo">\r
   <soap:Header/>\r
   <soap:Body>\r
      <web:ListOfContinentsByCode/>\r
   </soap:Body>\r
</soap:Envelope>]]></con:request><con:credentials><con:authType>No Authorization</con:authType></con:credentials><con:wsaConfig action="http://www.oorsprong.org/websamples.countryinfo/CountryInfoServiceSoapType/ListOfContinentsByCodeRequest"/></con:request></con:config></con:testStep><con:properties/></con:testCase><con:testCase id="5252437e-8df6-476f-b626-97b4370f47fe" failOnError="true" failTestCaseOnErrors="true" keepSession="false" maxResults="0" name="ListOfContinentsByName TestCase" searchProperties="true"><con:settings/><con:testStep type="request" id="9d12a181-d164-41e6-9b1b-abb0e4eba51c" name="ListOfContinentsByName"><con:settings/><con:config xsi:type="con:RequestStep" xmlns:xsi="http://www.w3.org/2001/XMLSchema-instance"><con:interface>CountryInfoServiceSoapBinding12</con:interface><con:operation>ListOfContinentsByName</con:operation><con:request name="ListOfContinentsByName" id="5b257e0c-7d9e-497f-8d54-a5afb697d79e"><con:settings/><con:encoding>UTF-8</con:encoding><con:endpoint>http://webservices.oorsprong.org/websamples.countryinfo/CountryInfoService.wso</con:endpoint><con:request><![CDATA[<soap:Envelope xmlns:soap="http://www.w3.org/2003/05/soap-envelope" xmlns:web="http://www.oorsprong.org/websamples.countryinfo">\r
   <soap:Header/>\r
   <soap:Body>\r
      <web:ListOfContinentsByName/>\r
   </soap:Body>\r
</soap:Envelope>]]></con:request><con:credentials><con:authType>No Authorization</con:authType></con:credentials><con:wsaConfig action="http://www.oorsprong.org/websamples.countryinfo/CountryInfoServiceSoapType/ListOfContinentsByNameRequest"/></con:request></con:config></con:testStep><con:properties/></con:testCase><con:testCase id="48918521-dd36-4e79-83fa-6567d4d43fca" failOnError="true" failTestCaseOnErrors="true" keepSession="false" maxResults="0" name="ListOfCountryNamesByCode TestCase" searchProperties="true"><con:settings/><con:testStep type="request" id="3ee60539-fa23-4402-a60f-1ce1cabfec85" name="ListOfCountryNamesByCode"><con:settings/><con:config xsi:type="con:RequestStep" xmlns:xsi="http://www.w3.org/2001/XMLSchema-instance"><con:interface>CountryInfoServiceSoapBinding12</con:interface><con:operation>ListOfCountryNamesByCode</con:operation><con:request name="ListOfCountryNamesByCode" id="37f099cc-b477-42ac-82bf-5716b744413a"><con:settings/><con:encoding>UTF-8</con:encoding><con:endpoint>http://webservices.oorsprong.org/websamples.countryinfo/CountryInfoService.wso</con:endpoint><con:request><![CDATA[<soap:Envelope xmlns:soap="http://www.w3.org/2003/05/soap-envelope" xmlns:web="http://www.oorsprong.org/websamples.countryinfo">\r
   <soap:Header/>\r
   <soap:Body>\r
      <web:ListOfCountryNamesByCode/>\r
   </soap:Body>\r
</soap:Envelope>]]></con:request><con:credentials><con:authType>No Authorization</con:authType></con:credentials><con:wsaConfig action="http://www.oorsprong.org/websamples.countryinfo/CountryInfoServiceSoapType/ListOfCountryNamesByCodeRequest"/></con:request></con:config></con:testStep><con:properties/></con:testCase><con:testCase id="3b35a4e4-d26b-48d4-8b30-0b98cf443023" failOnError="true" failTestCaseOnErrors="true" keepSession="false" maxResults="0" name="ListOfCountryNamesByName TestCase" searchProperties="true"><con:settings/><con:testStep type="request" id="7d95f8a5-c2f1-4358-ab16-6476ece534e0" name="ListOfCountryNamesByName"><con:settings/><con:config xsi:type="con:RequestStep" xmlns:xsi="http://www.w3.org/2001/XMLSchema-instance"><con:interface>CountryInfoServiceSoapBinding12</con:interface><con:operation>ListOfCountryNamesByName</con:operation><con:request name="ListOfCountryNamesByName" id="df02591e-99cb-42d8-ace8-5775a3da20b4"><con:settings/><con:encoding>UTF-8</con:encoding><con:endpoint>http://webservices.oorsprong.org/websamples.countryinfo/CountryInfoService.wso</con:endpoint><con:request><![CDATA[<soap:Envelope xmlns:soap="http://www.w3.org/2003/05/soap-envelope" xmlns:web="http://www.oorsprong.org/websamples.countryinfo">\r
   <soap:Header/>\r
   <soap:Body>\r
      <web:ListOfCountryNamesByName/>\r
   </soap:Body>\r
</soap:Envelope>]]></con:request><con:credentials><con:authType>No Authorization</con:authType></con:credentials><con:wsaConfig action="http://www.oorsprong.org/websamples.countryinfo/CountryInfoServiceSoapType/ListOfCountryNamesByNameRequest"/></con:request></con:config></con:testStep><con:properties/></con:testCase><con:testCase id="bbe04cc5-7944-4d6c-a108-6891f25bbfbb" failOnError="true" failTestCaseOnErrors="true" keepSession="false" maxResults="0" name="ListOfCountryNamesGroupedByContinent TestCase" searchProperties="true"><con:settings/><con:testStep type="request" id="a42c6961-cb0a-4b5c-861c-9c5243b4eb17" name="ListOfCountryNamesGroupedByContinent"><con:settings/><con:config xsi:type="con:RequestStep" xmlns:xsi="http://www.w3.org/2001/XMLSchema-instance"><con:interface>CountryInfoServiceSoapBinding12</con:interface><con:operation>ListOfCountryNamesGroupedByContinent</con:operation><con:request name="ListOfCountryNamesGroupedByContinent" id="0c0218ac-cbbc-4387-ad55-fa07ee8e9393"><con:settings/><con:encoding>UTF-8</con:encoding><con:endpoint>http://webservices.oorsprong.org/websamples.countryinfo/CountryInfoService.wso</con:endpoint><con:request><![CDATA[<soap:Envelope xmlns:soap="http://www.w3.org/2003/05/soap-envelope" xmlns:web="http://www.oorsprong.org/websamples.countryinfo">\r
   <soap:Header/>\r
   <soap:Body>\r
      <web:ListOfCountryNamesGroupedByContinent/>\r
   </soap:Body>\r
</soap:Envelope>]]></con:request><con:credentials><con:authType>No Authorization</con:authType></con:credentials><con:wsaConfig action="http://www.oorsprong.org/websamples.countryinfo/CountryInfoServiceSoapType/ListOfCountryNamesGroupedByContinentRequest"/></con:request></con:config></con:testStep><con:properties/></con:testCase><con:testCase id="8e7161d8-9014-479f-afe4-2a55fb37a25f" failOnError="true" failTestCaseOnErrors="true" keepSession="false" maxResults="0" name="ListOfCurrenciesByCode TestCase" searchProperties="true"><con:settings/><con:testStep type="request" id="b2bde76a-d1f0-4b84-b190-014c6161f2ec" name="ListOfCurrenciesByCode"><con:settings/><con:config xsi:type="con:RequestStep" xmlns:xsi="http://www.w3.org/2001/XMLSchema-instance"><con:interface>CountryInfoServiceSoapBinding12</con:interface><con:operation>ListOfCurrenciesByCode</con:operation><con:request name="ListOfCurrenciesByCode" id="86748bfe-eadc-4a53-a4d0-4d8ac98c3e8d"><con:settings/><con:encoding>UTF-8</con:encoding><con:endpoint>http://webservices.oorsprong.org/websamples.countryinfo/CountryInfoService.wso</con:endpoint><con:request><![CDATA[<soap:Envelope xmlns:soap="http://www.w3.org/2003/05/soap-envelope" xmlns:web="http://www.oorsprong.org/websamples.countryinfo">\r
   <soap:Header/>\r
   <soap:Body>\r
      <web:ListOfCurrenciesByCode/>\r
   </soap:Body>\r
</soap:Envelope>]]></con:request><con:credentials><con:authType>No Authorization</con:authType></con:credentials><con:wsaConfig action="http://www.oorsprong.org/websamples.countryinfo/CountryInfoServiceSoapType/ListOfCurrenciesByCodeRequest"/></con:request></con:config></con:testStep><con:properties/></con:testCase><con:testCase id="c96b8ac8-c05b-4375-b1d3-cad51ee0c6b2" failOnError="true" failTestCaseOnErrors="true" keepSession="false" maxResults="0" name="ListOfCurrenciesByName TestCase" searchProperties="true"><con:settings/><con:testStep type="request" id="ebbce99c-2017-4392-bd4f-f6dce30867e2" name="ListOfCurrenciesByName"><con:settings/><con:config xsi:type="con:RequestStep" xmlns:xsi="http://www.w3.org/2001/XMLSchema-instance"><con:interface>CountryInfoServiceSoapBinding12</con:interface><con:operation>ListOfCurrenciesByName</con:operation><con:request name="ListOfCurrenciesByName" id="ef6b69a6-40f8-43d5-acb6-0f17e0bfd6e5"><con:settings/><con:encoding>UTF-8</con:encoding><con:endpoint>http://webservices.oorsprong.org/websamples.countryinfo/CountryInfoService.wso</con:endpoint><con:request><![CDATA[<soap:Envelope xmlns:soap="http://www.w3.org/2003/05/soap-envelope" xmlns:web="http://www.oorsprong.org/websamples.countryinfo">\r
   <soap:Header/>\r
   <soap:Body>\r
      <web:ListOfCurrenciesByName/>\r
   </soap:Body>\r
</soap:Envelope>]]></con:request><con:credentials><con:authType>No Authorization</con:authType></con:credentials><con:wsaConfig action="http://www.oorsprong.org/websamples.countryinfo/CountryInfoServiceSoapType/ListOfCurrenciesByNameRequest"/></con:request></con:config></con:testStep><con:properties/></con:testCase><con:testCase id="ae482567-ec4f-445b-8578-8b4f9db3d4d6" failOnError="true" failTestCaseOnErrors="true" keepSession="false" maxResults="0" name="ListOfLanguagesByCode TestCase" searchProperties="true"><con:settings/><con:testStep type="request" id="178a51e5-1615-4f96-b632-d4bbb9858afa" name="ListOfLanguagesByCode"><con:settings/><con:config xsi:type="con:RequestStep" xmlns:xsi="http://www.w3.org/2001/XMLSchema-instance"><con:interface>CountryInfoServiceSoapBinding12</con:interface><con:operation>ListOfLanguagesByCode</con:operation><con:request name="ListOfLanguagesByCode" id="0c3ca2a7-4fea-4f68-8be2-311255c02d9b"><con:settings/><con:encoding>UTF-8</con:encoding><con:endpoint>http://webservices.oorsprong.org/websamples.countryinfo/CountryInfoService.wso</con:endpoint><con:request><![CDATA[<soap:Envelope xmlns:soap="http://www.w3.org/2003/05/soap-envelope" xmlns:web="http://www.oorsprong.org/websamples.countryinfo">\r
   <soap:Header/>\r
   <soap:Body>\r
      <web:ListOfLanguagesByCode/>\r
   </soap:Body>\r
</soap:Envelope>]]></con:request><con:credentials><con:authType>No Authorization</con:authType></con:credentials><con:wsaConfig action="http://www.oorsprong.org/websamples.countryinfo/CountryInfoServiceSoapType/ListOfLanguagesByCodeRequest"/></con:request></con:config></con:testStep><con:properties/></con:testCase><con:testCase id="87f17d0e-e489-4da8-a93b-da042b6032a6" failOnError="true" failTestCaseOnErrors="true" keepSession="false" maxResults="0" name="ListOfLanguagesByName TestCase" searchProperties="true"><con:settings/><con:testStep type="request" id="8f419461-ea8e-4e7d-96df-21dd49b82ee5" name="ListOfLanguagesByName"><con:settings/><con:config xsi:type="con:RequestStep" xmlns:xsi="http://www.w3.org/2001/XMLSchema-instance"><con:interface>CountryInfoServiceSoapBinding12</con:interface><con:operation>ListOfLanguagesByName</con:operation><con:request name="ListOfLanguagesByName" id="3522cbe5-a299-49b4-a091-5671e295abb5"><con:settings/><con:encoding>UTF-8</con:encoding><con:endpoint>http://webservices.oorsprong.org/websamples.countryinfo/CountryInfoService.wso</con:endpoint><con:request><![CDATA[<soap:Envelope xmlns:soap="http://www.w3.org/2003/05/soap-envelope" xmlns:web="http://www.oorsprong.org/websamples.countryinfo">\r
   <soap:Header/>\r
   <soap:Body>\r
      <web:ListOfLanguagesByName/>\r
   </soap:Body>\r
</soap:Envelope>]]></con:request><con:credentials><con:authType>No Authorization</con:authType></con:credentials><con:wsaConfig action="http://www.oorsprong.org/websamples.countryinfo/CountryInfoServiceSoapType/ListOfLanguagesByNameRequest"/></con:request></con:config></con:testStep><con:properties/></con:testCase><con:properties/></con:testSuite>